[
  {
    "query": "imagen de frutas deshidratadas variadas para catálogo",
    "image_info": {
      "url": "https://www.unlockfood.ca/EatRightOntario/media/Website-images-resized/All-about-dried-fruit-v-2-resized.jpg",
      "img_format": "JPEG",
      "mode": "RGB",
      "file_size": 103736,
      "width": 830,
      "height": 553,
      "total_pixels": 458990,
      "basic_score": 0.8460059156115637,
      "file_name": "assorted_natural_dried_fruits_catalog.jpg"
    },
    "llm_score": {
      "success": true,
      "relevance_score": 100.0,
      "clarity_score": 95.0,
      "watermark_score": 100.0,
      "overall_score": 95.0,
      "explanation": "The image is perfectly relevant to both the English search query and the Spanish prompt, showcasing a wide variety of natural dried fruits, including raisins, apricots, and dates. It exhibits excellent clarity, professional composition, and natural lighting, making it ideal for a catalog. There are no visible watermarks.",
      "file_name": "assorted_natural_dried_fruits_catalog.jpg",
      "caption": "A high-angle shot displaying a rich assortment of natural dried fruits in glass bowls, including golden apricots, dark dates, prunes, raisins, figs, and dried bananas, artfully arranged on a rustic burlap fabric over a wooden surface. Additional items like cranberries and hazelnuts complete the wholesome, healthy food presentation.",
      "recommend": true,
      "error": ""
    }
  },
  {
    "query": "imagen de frutas deshidratadas variadas para catálogo",
    "image_info": {
      "url": "https://upload.wikimedia.org/wikipedia/commons/b/b2/DriedfruitS.jpg",
      "img_format": "JPEG",
      "mode": "RGB",
      "file_size": 391285,
      "width": 667,
      "height": 634,
      "total_pixels": 422878,
      "basic_score": 0.8640976964055431,
      "file_name": "varied_dried_fruits_and_nuts_platter.jpg"
    },
    "llm_score": {
      "success": true,
      "relevance_score": 98.0,
      "clarity_score": 90.0,
      "watermark_score": 100.0,
      "overall_score": 93.0,
      "explanation": "The image is exceptionally relevant to both the search query and prompt, showcasing a diverse array of natural dried fruits and nuts. It exhibits excellent clarity, good lighting, and a clean, professional composition without any watermarks, making it ideal for a catalog.",
      "file_name": "varied_dried_fruits_and_nuts_platter.jpg",
      "caption": "An overhead shot of a clear glass segmented platter filled with a vibrant variety of natural dried fruits and almonds, arranged on a light wooden table. The platter features sections of dried figs, dark raisins, golden raisins, prunes, dates, dried apricots, and whole almonds, creating an appealing and healthy snack assortment.",
      "recommend": true,
      "error": ""
    }
  },
  {
    "query": "imagen de frutas deshidratadas variadas para catálogo",
    "image_info": {
      "url": "https://domf5oio6qrcr.cloudfront.net/medialibrary/6426/23d687c8-163e-4211-97ba-68f025fd7974.jpg",
      "img_format": "JPEG",
      "mode": "RGB",
      "file_size": 330354,
      "width": 1500,
      "height": 832,
      "total_pixels": 1248000,
      "basic_score": 0.9392538365889216,
      "file_name": "assorted_dried_fruits_raisins_apricots_dates_catalog.jpg"
    },
    "llm_score": {
      "success": true,
      "relevance_score": 100.0,
      "clarity_score": 95.0,
      "watermark_score": 100.0,
      "overall_score": 98.0,
      "explanation": "The image perfectly matches the search query and prompt, displaying a varied assortment of dried fruits including dates, apricots, and both dark and golden raisins. The clarity is excellent, with sharp details on all fruits, and it's presented on a clean white background, making it ideal for a catalog. There are no watermarks.",
      "file_name": "assorted_dried_fruits_raisins_apricots_dates_catalog.jpg",
      "caption": "A vibrant, close-up studio shot of a plentiful pile of assorted dried fruits, featuring prominent whole dates, bright orange dried apricots, plump dark raisins, and sweet golden raisins, alongside smaller red dried berries. The colorful mix of natural dried fruits is beautifully arranged and isolated against a crisp white background, emphasizing their texture and appeal, perfect for food packaging or a product catalog.",
      "recommend": true,
      "error": ""
    }
  },
  {
    "query": "imagen de frutos secos para sección de productos",
    "image_info": {
      "url": "https://foodtolive.com/wp-content/uploads/2022/09/almonds-and-cashews-mix-main.jpg",
      "img_format": "JPEG",
      "mode": "RGB",
      "file_size": 232090,
      "width": 1160,
      "height": 1160,
      "total_pixels": 1345600,
      "basic_score": 0.9082594373431382,
      "file_name": "mixed_almonds_cashews_healthy_snack_product.jpg"
    },
    "llm_score": {
      "success": true,
      "relevance_score": 100.0,
      "clarity_score": 95.0,
      "watermark_score": 100.0,
      "overall_score": 95.0,
      "explanation": "The image is perfectly relevant to the search query and prompt, clearly showcasing a mix of almonds and cashews. It is sharp, well-lit, and professionally composed against a clean white background, making it ideal for a product section. There are no watermarks.",
      "file_name": "mixed_almonds_cashews_healthy_snack_product.jpg",
      "caption": "A vibrant, high-angle close-up shot of a healthy snack mix, featuring a generous pile of whole raw almonds and roasted cashews, perfectly arranged on a pure white background. The image highlights the natural textures and warm colors of the nuts, suitable for a product catalog or a healthy food blog.",
      "recommend": true,
      "error": ""
    }
  },
  {
    "query": "imagen de frutos secos para sección de productos",
    "image_info": {
      "url": "https://m.media-amazon.com/images/I/818ZNDwZn8L._AC_UF1000,1000_QL80_.jpg",
      "img_format": "JPEG",
      "mode": "RGB",
      "file_size": 97253,
      "width": 782,
      "height": 1000,
      "total_pixels": 782000,
      "basic_score": 0.9005743482016006,
      "file_name": "back_to_nature_cashew_almond_pistachio_dried_nuts_snack_package.jpg"
    },
    "llm_score": {
      "success": true,
      "relevance_score": 98.0,
      "clarity_score": 95.0,
      "watermark_score": 100.0,
      "overall_score": 95.0,
      "explanation": "The image is highly relevant to both the search query and prompt, clearly displaying a package of cashew, almond, and pistachio nuts, marketed as dried and healthy. The clarity is excellent, with all text and product details sharp and legible. There are no external watermarks. The overall quality is professional and ideal for a product section.",
      "file_name": "back_to_nature_cashew_almond_pistachio_dried_nuts_snack_package.jpg",
      "caption": "A vibrant orange stand-up pouch of Back to Nature Salted Cashew Almond Pistachio mix, featuring individual nuts (cashew, almond, pistachio) clearly depicted. The packaging highlights 'Dried, Not Fried,' 'Always Dry Roasted,' and 'No Added Oils,' along with the 'Non GMO Project Verified' seal, positioning it as a healthy snack option.",
      "recommend": true,
      "error": ""
    }
  },
  {
    "query": "imagen de frutos secos para sección de productos",
    "image_info": {
      "url": "https://m.media-amazon.com/images/I/71qpVRu1uRL._AC_UF894,1000_QL80_.jpg",
      "img_format": "JPEG",
      "mode": "RGB",
      "file_size": 105269,
      "width": 894,
      "height": 894,
      "total_pixels": 799236,
      "basic_score": 0.9149956038021732,
      "file_name": "roastery_coast_mixed_nuts_almonds_cashews_healthy_snack_product.jpg"
    },
    "llm_score": {
      "success": true,
      "relevance_score": 100.0,
      "clarity_score": 95.0,
      "watermark_score": 100.0,
      "overall_score": 95.0,
      "explanation": "The image is perfectly relevant to both the search query and the prompt, showcasing a bag of mixed nuts with almonds and cashews clearly visible. The clarity is excellent, with sharp details and readable text. There are no watermarks, and the overall composition is highly professional, making it ideal for a product section.",
      "file_name": "roastery_coast_mixed_nuts_almonds_cashews_healthy_snack_product.jpg",
      "caption": "A vibrant green bag of 'Roastery Coast Original Mixed Nuts' is prominently displayed, featuring seven ingredients including almonds, hazelnuts, pecans, walnuts, pistachios, macadamias, and cashews. The bag highlights that the nuts are unsalted and dry-roasted, with a net weight of 3 lbs (1360g). Various individual nuts are scattered around the bag on a clean white background, enhancing the visual appeal for a healthy snack product.",
      "recommend": true,
      "error": ""
    }
  },
  {
    "query": "imagen de frutos secos para sección de productos",
    "image_info": {
      "url": "https://m.media-amazon.com/images/I/81zbu249SzL._AC_UF894,1000_QL80_.jpg",
      "img_format": "JPEG",
      "mode": "RGB",
      "file_size": 125625,
      "width": 724,
      "height": 1000,
      "total_pixels": 724000,
      "basic_score": 0.89597439393532,
      "file_name": "food_to_live_organic_almonds_cashews_healthy_snack_mix.jpg"
    },
    "llm_score": {
      "success": true,
      "relevance_score": 100.0,
      "clarity_score": 95.0,
      "watermark_score": 100.0,
      "overall_score": 95.0,
      "explanation": "The image is perfectly relevant to both the search query 'almonds cashews nuts dried healthy snacks' and the prompt 'imagen de frutos secos para sección de productos', clearly showcasing a product bag of organic almonds and cashews. It is very clear, well-lit, and professionally presented without any external watermarks.",
      "file_name": "food_to_live_organic_almonds_cashews_healthy_snack_mix.jpg",
      "caption": "A clear plastic stand-up pouch of Food to Live Organic Almonds & Cashews, a delicious and healthy snack mix, featuring a colorful nature-themed design with an owl, squirrel, and trees, and prominently displaying 'USDA Organic' and 'Non GMO' certifications. The bag highlights 'Resealable for Freshness!' and invites customers to 'Visit us at FoodToLive.com'.",
      "recommend": true,
      "error": ""
    }
  },
  {
    "query": "imagen de frutos secos para sección de productos",
    "image_info": {
      "url": "https://m.media-amazon.com/images/I/61nvJ4zoj8L._AC_UF894,1000_QL80_.jpg",
      "img_format": "JPEG",
      "mode": "RGB",
      "file_size": 61911,
      "width": 894,
      "height": 822,
      "total_pixels": 734868,
      "basic_score": 0.9011619952388829,
      "file_name": "daily-gourmet-nuts-healthy-mix-almonds-cashews-product-shot.jpg"
    },
    "llm_score": {
      "success": true,
      "relevance_score": 100.0,
      "clarity_score": 95.0,
      "watermark_score": 100.0,
      "overall_score": 98.0,
      "explanation": "The image is exceptionally relevant, directly featuring almonds, cashews, and a variety of other nuts explicitly as 'healthy snacks' in product packaging. It boasts excellent clarity, professional lighting, and a clean composition. There are no watermarks, making it ideal for a product section.",
      "file_name": "daily-gourmet-nuts-healthy-mix-almonds-cashews-product-shot.jpg",
      "caption": "A vibrant product photograph showcasing six individual packages of 'Daily Gourmet Nuts Healthy Mix' in bright green packaging, fanned out behind a generous pile of assorted nuts. The foreground displays a mix of almonds, cashews, walnuts, pistachios, hazelnuts, pecans, and macadamia nuts. The packaging highlights the percentages of each nut and describes the product as 'Supreme Wholesome Nuts,' 'Unsalted, No Artificial Additives,' and a 'Plant Protein & No Peanuts!' healthy snack.",
      "recommend": true,
      "error": ""
    }
  },
  {
    "query": "imagen de productos deshidratados como frutas, semillas y frutos secos para tienda online",
    "image_info": {
      "url": "https://foodtolive.com/wp-content/uploads/2020/04/organic-raw-seeds-nuts-and-raisins-mix-main-min-1.jpg",
      "img_format": "JPEG",
      "mode": "RGB",
      "file_size": 250747,
      "width": 1160,
      "height": 1160,
      "total_pixels": 1345600,
      "basic_score": 0.9097405009661493,
      "file_name": "healthy_mixed_dried_fruits_nuts_seeds_trail_mix.jpg"
    },
    "llm_score": {
      "success": true,
      "relevance_score": 100.0,
      "clarity_score": 95.0,
      "watermark_score": 100.0,
      "overall_score": 95.0,
      "explanation": "The image perfectly matches both the search query and prompt, clearly displaying a mix of dehydrated fruits, nuts, and seeds. It exhibits excellent clarity, high resolution, and a clean white background, making it ideal for an online store. There are no visible watermarks.",
      "file_name": "healthy_mixed_dried_fruits_nuts_seeds_trail_mix.jpg",
      "caption": "A vibrant and appetizing overhead shot of a healthy trail mix, featuring an abundant assortment of natural ingredients. The mix includes golden-brown almonds, creamy white cashews, dark reddish-brown raisins, bright green pumpkin seeds, and slender grey sunflower seeds, all arranged on a clean white background. This image is ideal for food blogs, healthy snack advertisements, or e-commerce product listings.",
      "recommend": true,
      "error": ""
    }
  },
  {
    "query": "imagen de productos deshidratados como frutas, semillas y frutos secos para tienda online",
    "image_info": {
      "url": "https://elitenutsusa.com/cdn/shop/products/HealthyMix.jpg?v=1713290256",
      "img_format": "JPEG",
      "mode": "RGB",
      "file_size": 243416,
      "width": 1200,
      "height": 800,
      "total_pixels": 960000,
      "basic_score": 0.9462277512470095,
      "file_name": "dehydrated-fruits-nuts-healthy-mix-online-store.jpg"
    },
    "llm_score": {
      "success": true,
      "relevance_score": 95.0,
      "clarity_score": 98.0,
      "watermark_score": 100.0,
      "overall_score": 97.0,
      "explanation": "The image is highly relevant to the search query, prominently featuring a vibrant mix of dehydrated fruits and nuts, presented professionally for an online store. It boasts excellent clarity, sharp focus, and appealing composition with no watermarks. While seeds are not explicitly distinct, the overall 'healthy snack mix' concept is well captured.",
      "file_name": "dehydrated-fruits-nuts-healthy-mix-online-store.jpg",
      "caption": "A vibrant, close-up shot of a healthy mix of dehydrated fruits and nuts, including colorful dried mango, papaya, figs, cashews, and walnuts, spilling out of a rustic wooden bowl onto a wooden surface. The clear focus and bright lighting highlight the textures and fresh appearance of the snack, making it ideal for an online food store or healthy eating promotion.",
      "recommend": true,
      "error": ""
    }
  },
  {
    "query": "imagen de productos deshidratados como frutas, semillas y frutos secos para tienda online",
    "image_info": {
      "url": "https://media.post.rvohealth.io/wp-content/uploads/2025/05/nuts-and-seeds-1200x628-facebook.jpg",
      "img_format": "JPEG",
      "mode": "RGB",
      "file_size": 103010,
      "width": 1200,
      "height": 628,
      "total_pixels": 753600,
      "basic_score": 0.9061211757822955,
      "file_name": "mixed_nuts_seeds_healthy_food_teal_background.jpg"
    },
    "llm_score": {
      "success": true,
      "relevance_score": 75.0,
      "clarity_score": 98.0,
      "watermark_score": 100.0,
      "overall_score": 90.0,
      "explanation": "The image beautifully showcases a diverse mix of nuts and some seeds, aligning well with the 'nuts', 'seeds', and 'healthy food' aspects of the query and prompt. Its clarity, composition, and professional quality are excellent, making it highly suitable for an online store. However, it scores lower on relevance as it completely lacks 'dehydrated fruits', which were explicitly mentioned.",
      "file_name": "mixed_nuts_seeds_healthy_food_teal_background.jpg",
      "caption": "A vibrant and artfully arranged circular assortment of various nuts and seeds, including almonds, walnuts, pecans, cashews, Brazil nuts, pistachios, macadamia nuts, hazelnuts, and pine nuts, presented on a clean, light teal background. The image is captured from a top-down perspective, highlighting the natural textures and rich colors of the healthy ingredients, with subtle shadows adding depth. Ideal for an online store promoting natural and wholesome snacks.",
      "recommend": true,
      "error": ""
    }
  },
  {
    "query": "imagen de productos deshidratados como frutas, semillas y frutos secos para tienda online",
    "image_info": {
      "url": "https://theboyo.com/cdn/shop/articles/seed_and_nuts_1024x1024.jpg?v=1697516811",
      "img_format": "JPEG",
      "mode": "RGB",
      "file_size": 192507,
      "width": 1024,
      "height": 555,
      "total_pixels": 568320,
      "basic_score": 0.8823154850829902,
      "file_name": "assorted_healthy_nuts_seeds_dried_fruits_superfoods.jpg"
    },
    "llm_score": {
      "success": true,
      "relevance_score": 90.0,
      "clarity_score": 95.0,
      "watermark_score": 100.0,
      "overall_score": 92.0,
      "explanation": "The image is highly relevant, showcasing a wide variety of nuts and seeds, and some dried fruits, perfectly aligning with the 'deshidratados fruits nuts seeds healthy food' query and the prompt's request for products for an online store. The clarity is excellent, and there are no watermarks. The composition is clean and professional, ideal for e-commerce.",
      "file_name": "assorted_healthy_nuts_seeds_dried_fruits_superfoods.jpg",
      "caption": "A vibrant overhead shot of an extensive assortment of healthy superfoods, including various nuts (almonds, pistachios, pecans, walnuts, Brazil nuts, peanuts, hazelnuts), seeds (sunflower, pumpkin, chia, flax, hemp, poppy, sesame, pine nuts, psyllium husks), and some dried fruits (such as dried cranberries/berries, and chestnuts), neatly arranged in white ceramic bowls and elegant spoon-like dishes on a textured light brown linen background. This high-quality image is perfect for an online store selling nutritious, dehydrated food products.",
      "recommend": true,
      "error": ""
    }
  },
  {
    "query": "imagen de semillas naturales y orgánicas para tienda",
    "image_info": {
      "url": "https://i5.walmartimages.com/asr/48a0f77c-c2d2-47cb-af13-d7121f27553e.2961cef0b758b0b6a65796e1b93dfbcf.png?odnHeight=768&odnWidth=768&odnBg=FFFFFF",
      "img_format": "PNG",
      "mode": "P",
      "file_size": 160895,
      "width": 768,
      "height": 768,
      "total_pixels": 589824,
      "basic_score": 0.8749293366707291,
      "file_name": "sunbest_organic_super_seeds_sunflower_pumpkin_chia_store_image.jpg"
    },
    "llm_score": {
      "success": true,
      "relevance_score": 100.0,
      "clarity_score": 95.0,
      "watermark_score": 100.0,
      "overall_score": 95.0,
      "explanation": "The image is perfectly relevant to both the search query ('natural organic seeds sunflower pumpkin chia') and the prompt ('imagen de semillas naturales y orgánicas para tienda'). It clearly displays a product named 'Organic Super Seeds' with ingredients explicitly listing sunflower, pumpkin, chia, flax, and hemp seeds, all certified organic. The image is highly clear, with all text and product details easily readable. It is free of watermarks and exhibits excellent professional quality and composition, making it ideal for commercial use.",
      "file_name": "sunbest_organic_super_seeds_sunflower_pumpkin_chia_store_image.jpg",
      "caption": "A well-lit product photograph of a resealable pouch of 'SUNBEST Organic SUPER SEEDS,' featuring prominent USDA Organic certification. The packaging design is white and green, showcasing a blend of organic sunflower kernels, pumpkin kernels, flax seeds, chia seeds, and hemp kernels. The image also includes detailed nutrition facts, ingredients list, storage tips, and allergy information against a clean white background, making it suitable for retail or e-commerce display.",
      "recommend": true,
      "error": ""
    }
  },
  {
    "query": "imagen de semillas naturales y orgánicas para tienda",
    "image_info": {
      "url": "https://s3.eu-west-1.wasabisys.com/cdn.linwoodshealthfoods.com/wp-content/uploads/2021/01/13170610/flaxseed-sunflower-pumpkin-chia-goji.png",
      "img_format": "PNG",
      "mode": "P",
      "file_size": 262871,
      "width": 800,
      "height": 800,
      "total_pixels": 640000,
      "basic_score": 0.895134922465979,
      "file_name": "linwoods-organic-flaxseed-sunflower-pumpkin-chia-goji-berries-seeds-product.jpg"
    },
    "llm_score": {
      "success": true,
      "relevance_score": 98.0,
      "clarity_score": 95.0,
      "watermark_score": 100.0,
      "overall_score": 95.0,
      "explanation": "The image perfectly matches the search query and prompt by showcasing a package of natural and organic flaxseed, sunflower, pumpkin, chia seeds, and goji berries, along with separate piles of the ingredients. The clarity is excellent, with sharp focus and legible text on the packaging. There are no watermarks. The composition is professional, clean, and ideal for a store setting.",
      "file_name": "linwoods-organic-flaxseed-sunflower-pumpkin-chia-goji-berries-seeds-product.jpg",
      "caption": "A bright, professional studio shot featuring a purple Linwoods pouch of cold-milled organic flaxseed, sunflower, pumpkin, chia seeds, and goji berries. The packaging, labeled 'ORGANIC' and 'NATURAL PLANT GOODNESS', is prominently displayed. In the foreground, neat piles of raw sunflower seeds, chia seeds, pumpkin seeds, goji berries, and flaxseed are arranged on a light, textured background, highlighting the product's natural ingredients. This image is perfect for e-commerce or health food store promotions.",
      "recommend": true,
      "error": ""
    }
  },
  {
    "query": "imagen de semillas naturales y orgánicas para tienda",
    "image_info": {
      "url": "https://i5.walmartimages.com/asr/34ac5499-ce80-4350-b066-06a0fd38b193.af3751ca7c88fc1e9b3b1904e37dc068.png?odnHeight=768&odnWidth=768&odnBg=FFFFFF",
      "img_format": "PNG",
      "mode": "P",
      "file_size": 240096,
      "width": 768,
      "height": 768,
      "total_pixels": 589824,
      "basic_score": 0.8827466213454329,
      "file_name": "organic_natural_healthy_seeds_chia_sunflower_pumpkin_hemp_flax.jpg"
    },
    "llm_score": {
      "success": true,
      "relevance_score": 100.0,
      "clarity_score": 95.0,
      "watermark_score": 90.0,
      "overall_score": 95.0,
      "explanation": "The image is perfectly relevant to the search query and prompt, clearly showcasing 'organic and healthy seeds' including sunflower, pumpkin, and chia, along with other types and relevant certifications. It is very clear, sharp, and well-composed in an infographic style. The logos present are informational certifications, not intrusive watermarks, and enhance the commercial appeal.",
      "file_name": "organic_natural_healthy_seeds_chia_sunflower_pumpkin_hemp_flax.jpg",
      "caption": "A vibrant infographic showcasing 'ALL ORGANIC & HEALTHY SEEDS,' featuring various natural seeds arranged on a textured grey background within a circular, yellow and green accented design. The seeds include Organic Chia Seeds (on a wooden spoon), Organic Pumpkin Kernels (in a wooden bowl), Organic Hemp Seeds, Organic Flax Seeds (on a wooden spoon), and Organic Sunflower Kernels (in a wooden bowl). Prominently displayed are certification logos for USDA Organic, GMO Free, Trans Fats Free, Vegan, and Kosher, emphasizing the health benefits and quality of the products. The design is clean, informative, and ideal for marketing natural and organic seed products for a store.",
      "recommend": true,
      "error": ""
    }
  },
  {
    "query": "imagen de semillas naturales y orgánicas para tienda",
    "image_info": {
      "url": "https://m.media-amazon.com/images/S/aplus-media-library-service-media/44ba725d-0cee-4712-a8de-d1d84b8d2b3f.__CR0,155,3508,2170_PT0_SX970_V1___.jpg",
      "img_format": "JPEG",
      "mode": "RGB",
      "file_size": 86047,
      "width": 970,
      "height": 600,
      "total_pixels": 582000,
      "basic_score": 0.8727939774363253,
      "file_name": "organic-superfood-seeds-assortment-sunflower-pumpkin-chia-flax-sesame.jpg"
    },
    "llm_score": {
      "success": true,
      "relevance_score": 100.0,
      "clarity_score": 98.0,
      "watermark_score": 100.0,
      "overall_score": 98.0,
      "explanation": "The image is perfectly relevant to both the search query and prompt, clearly showcasing organic sunflower, pumpkin, and chia seeds, along with flax and sesame. The clarity is excellent, and the professional flat lay composition with clear labeling makes it ideal for a store or informational content. There are no watermarks.",
      "file_name": "organic-superfood-seeds-assortment-sunflower-pumpkin-chia-flax-sesame.jpg",
      "caption": "An overhead shot of five small white bowls, arranged in a circular pattern on a bright, marble-textured surface, each containing a different variety of organic seeds. Clockwise from the top, the bowls feature vibrant green organic pumpkin seeds, reddish-brown organic flax seeds, pale yellow organic sunflower seeds, dark organic chia seeds, and light beige organic sesame seeds. Each bowl is clearly identified with black text labels and arrows, emphasizing their natural and organic quality, suitable for a health food store or nutritional content.",
      "recommend": true,
      "error": ""
    }
  }
]